-- phpMyAdmin SQL Dump
-- version 5.0.2
-- https://www.phpmyadmin.net/
--
-- Host: 127.0.0.1:3306
-- Generation Time: Sep 24, 2022 at 01:50 PM
-- Server version: 5.7.31
-- PHP Version: 7.3.21

SET SQL_MODE = "NO_AUTO_VALUE_ON_ZERO";
START TRANSACTION;
SET time_zone = "+00:00";


/*!40101 SET @OLD_CHARACTER_SET_CLIENT=@@CHARACTER_SET_CLIENT */;
/*!40101 SET @OLD_CHARACTER_SET_RESULTS=@@CHARACTER_SET_RESULTS */;
/*!40101 SET @OLD_COLLATION_CONNECTION=@@COLLATION_CONNECTION */;
/*!40101 SET NAMES utf8mb4 */;

--
-- Database: `eslquizsite_quizzer`
--

-- --------------------------------------------------------

--
-- Table structure for table `problems`
--

DROP TABLE IF EXISTS `problems`;
CREATE TABLE IF NOT EXISTS `problems` (
  `id` int(11) NOT NULL AUTO_INCREMENT,
  `quizId` int(11) NOT NULL,
  `problemNum` int(11) NOT NULL,
  `question` varchar(300) COLLATE utf8mb4_unicode_ci NOT NULL,
  `ansA` varchar(300) COLLATE utf8mb4_unicode_ci NOT NULL,
  `ansB` varchar(300) COLLATE utf8mb4_unicode_ci NOT NULL,
  `ansC` varchar(300) COLLATE utf8mb4_unicode_ci NOT NULL,
  `ansD` varchar(300) COLLATE utf8mb4_unicode_ci NOT NULL,
  `correctAns` int(1) NOT NULL,
  `notes` varchar(300) COLLATE utf8mb4_unicode_ci NOT NULL DEFAULT '',
  `flagged` tinyint(1) NOT NULL DEFAULT '0',
  `flagCode` int(1) NOT NULL DEFAULT '0',
  `picUrl` varchar(255) COLLATE utf8mb4_unicode_ci NOT NULL DEFAULT '',
  `audUrl` varchar(255) COLLATE utf8mb4_unicode_ci NOT NULL DEFAULT '',
  `vidUrl` varchar(255) COLLATE utf8mb4_unicode_ci NOT NULL DEFAULT '',
  PRIMARY KEY (`id`),
  KEY `quizId` (`quizId`)
) ENGINE=MyISAM AUTO_INCREMENT=397 DEFAULT CHARSET=utf8mb4 COLLATE=utf8mb4_unicode_ci;

--
-- Dumping data for table `problems`
--

INSERT INTO `problems` (`id`, `quizId`, `problemNum`, `question`, `ansA`, `ansB`, `ansC`, `ansD`, `correctAns`, `notes`, `flagged`, `flagCode`, `picUrl`, `audUrl`, `vidUrl`) VALUES
(1, 1, 1, 'Which word has a similar meaning to \"honest\"?', 'frank', 'covert', 'wide', 'abstract', 0, '', 0, 0, '', '', ''),
(2, 1, 2, 'Which word has a similar meaning to \"compute\"?', 'improvise', 'calculate', 'reason', 'specify', 1, '', 0, 0, '', '', ''),
(3, 1, 3, 'Which word has a similar meaning to \"erase\"?', 'modify', 'cut', 'delete', 'copy', 2, '', 0, 0, '', '', ''),
(4, 1, 4, 'Which word has a similar meaning to \"tasteless\"?', 'rich', 'mild', 'spicy', 'bland', 3, '', 0, 0, '', '', ''),
(5, 1, 5, 'Which word has a similar meaning to \"afraid\"?', 'frightened', 'scared', 'terrified', 'all of the above', 3, '', 0, 0, '', '', ''),
(6, 2, 1, 'Which word has the opposite meaning of \"afraid\"?', 'brave', 'nervous', 'picky', 'obnoxious', 0, '', 0, 0, '', '', ''),
(7, 2, 2, 'Which word has the opposite meaning of \"clean\"?', 'neat', 'messy', 'hygenic', 'filthy', 3, '', 0, 0, '', '', ''),
(8, 2, 3, 'Which word has the opposite meaning of \"bright\"?', 'dim', 'cold', 'hot', 'colorful', 0, '', 0, 0, '', '', ''),
(9, 2, 4, 'Which word has the opposite meaning of \"famous\"?', 'infamous', 'unknown', 'notorious', 'popular', 1, '', 0, 0, '', '', ''),
(10, 2, 5, 'Which word has the opposite meaning of \"knowledgeable\"?', 'unknowable', 'uneducated', 'ignorant', 'illiterate', 2, '', 0, 0, '', '', ''),
(11, 3, 1, 'Which word has a similar meaning to \"walk\"?', 'dash', 'saunter', 'sprint', 'run', 1, '', 0, 0, '', '', ''),
(12, 3, 2, 'Which word has a similar meaning to \"think\"?', 'foreshadow', 'reminisce', 'remember', 'contemplate', 3, '', 0, 0, '', '', ''),
(13, 3, 3, 'Which word has a similar meaning to \"drink\"?', 'imbibe', 'consume', 'deteriorate', 'assimilate', 0, '', 0, 0, '', '', ''),
(14, 3, 4, 'Which word has a similar meaning to \"angry\"?', 'anxious', 'mad', 'crazy', 'scared', 1, '', 0, 0, '', '', ''),
(15, 3, 5, 'Which word has a similar meaning to \"boring\"?', 'engrossing', 'enthralling', 'uninteresting', 'riveting', 2, '', 0, 0, '', '', ''),
(16, 3, 6, 'Which word has a similar meaning to \"kind\"?', 'nice', 'sweet', 'thoughtful', 'all of the above', 3, '', 0, 0, '', '', ''),
(17, 3, 7, 'Which word has a similar meaning to \"car\"?', 'vehicle', 'vessel', 'crane', 'bike', 0, '', 0, 0, '', '', ''),
(18, 3, 8, 'Which word has a similar meaning to \"container\"?', 'shower', 'bathtub', 'vessel', 'board', 2, '', 0, 0, '', '', ''),
(19, 3, 9, 'Which word has a similar meaning to \"small\"?', 'large', 'tiny', 'gigantic', 'narrow', 1, '', 0, 0, '', '', ''),
(22, 4, 2, 'Choose the correct preposition: \"I was born ____ December 5th, 1992.\"', 'between', 'in', 'at', 'on', 3, '', 0, 0, '', '', ''),
(20, 3, 10, 'Which word has a similar meaning to \"big\"?', 'large', 'tiny', 'minuscule', 'wide', 0, '', 0, 0, '', '', ''),
(21, 4, 1, 'Choose the correct preposition: \"Why are you late? We agreed ___ meet at six o\'clock and it\'s almost seven!\"', 'to', 'at', 'with', 'on', 0, '', 0, 0, '', '', ''),
(23, 4, 3, 'Choose the correct preposition: \"George went to the movies ______ Lisa and Laura.\"', 'at', 'with', 'between', 'under', 1, '', 0, 0, '', '', ''),
(24, 4, 4, 'Choose the correct preposition: \"Put the plates ____ the cupboard.\"', 'at', 'on', 'beside', 'in', 3, '', 0, 0, '', '', ''),
(25, 4, 5, 'Choose the correct preposition: \"Put the plates ____ the table.\"', 'at', 'on', 'beside', 'in', 1, '', 0, 0, '', '', ''),
(26, 4, 6, 'Choose the correct preposition: \"Put the plates ____ the cups.\"', 'at', 'on', 'beside', 'in', 2, '', 0, 0, '', '', ''),
(27, 1, 6, 'Which word has a similar meaning to \"smart\"?', 'intelligent', 'ignorant', 'moron', 'idiot', 0, '', 0, 0, '', '', ''),
(28, 1, 7, 'Which word has a similar meaning to \"poor\"?', 'wealthy', 'broke', 'sad', 'lucky', 1, '', 0, 0, '', '', ''),
(29, 1, 8, 'Which word has a similar meaning to \"beautiful\"?', 'pretty', 'gorgeous', 'cute', 'ugly', 1, '', 0, 0, '', '', ''),
(30, 1, 9, 'Which word has a similar meaning to \"sad\"?', 'anxious', 'excited', 'depressed', 'ambivalent', 2, '', 0, 0, '', '', ''),
(31, 1, 10, 'Which word has a similar meaning to \"exciting\"?', 'boring', 'amusing', 'dangerous', 'thrilling', 3, '', 0, 0, '', '', ''),
(32, 2, 6, 'Which word has the opposite meaning of \"crazy\"?', 'insane', 'nuts', 'deranged', 'sane', 3, '', 0, 0, '', '', ''),
(33, 2, 7, 'Which word has the opposite meaning of \"poor\"?', 'independent', 'broke', 'wealthy', 'lucky', 2, '', 0, 0, '', '', ''),
(34, 2, 8, 'Which word has the opposite meaning of \"brave\"?', 'crybaby', 'shy', 'sensitive', 'cowardly', 3, '', 0, 0, '', '', ''),
(35, 2, 9, 'Which word has the opposite meaning of \"careless\"?', 'caring', 'careful', 'car', 'caretaker', 1, '', 0, 0, '', '', ''),
(36, 2, 10, 'Which word has the opposite meaning of \"unlucky\"?', 'fortunate', 'average', 'unfortunate', 'fortune', 0, '', 0, 0, '', '', ''),
(37, 4, 8, 'Choose the correct preposition: \"I got in trouble last night. My parents yelled ____ me for an hour!\"', 'at', 'in', 'on', 'to', 0, '', 0, 0, '', '', ''),
(38, 4, 9, 'Choose the correct preposition: \"You bought a new car without talking ____ your wife about it first?!\"', 'at', 'in', 'on', 'to', 3, '', 0, 0, '', '', ''),
(39, 4, 10, 'Choose the correct preposition: \"Oh my god! There\'s a huge bee ____ the ceiling!\"', 'at', 'in', 'on', 'to', 2, '', 0, 0, '', '', ''),
(40, 4, 7, 'Choose the correct preposition: \"I\'m so tired! I spent all night ___ the office.\"', 'at', 'with', 'on', 'to', 0, '', 0, 0, '', '', ''),
(41, 5, 1, 'Choose the correct preposition: \"I have been in Japan ____ 2 years.\"', 'for', 'since', 'before', 'by', 0, '', 0, 0, '', '', ''),
(42, 5, 2, 'Choose the correct preposition: \"I came to Japan 2 years ____.\"', 'for', 'since', 'before', 'ago', 3, '', 0, 0, '', '', ''),
(43, 5, 3, 'Choose the correct preposition: \"Sarah has been here ____ 2005.\"', 'for', 'since', 'before', 'ago', 1, '', 0, 0, '', '', ''),
(44, 5, 4, 'Choose the correct preposition: \"My birthday is ___ two weeks.\"', 'later', 'until', 'in', 'after', 2, '', 0, 0, '', '', ''),
(45, 5, 5, 'Choose the correct preposition: \"I will be here _____ next Wednesday.\"', 'later', 'until', 'in', 'since', 1, '', 0, 0, '', '', ''),
(46, 5, 7, 'Choose the correct preposition: \"I got here at 2 o\'clock and Mike arrived an hour ____.\"', 'later', 'until', 'past', 'after', 0, '', 0, 0, '', '', ''),
(47, 5, 8, 'Choose the correct preposition: \"Mike arrived an hour ____ me.\"', 'later', 'until', 'past', 'after', 3, '', 0, 0, '', '', ''),
(48, 5, 6, 'Choose the correct preposition: \"Don\'t worry! The project will be finished ___ Friday.\"', 'until', 'by', 'since', 'in', 1, '', 0, 0, '', '', ''),
(49, 5, 9, 'Choose the correct preposition: \"You have to dry the knives by hand _____ putting them away. Otherwise, they will rust.\"', 'until', 'before', 'pevious', 'by', 1, '', 0, 0, '', '', ''),
(50, 5, 10, 'Choose the correct preposition: \"I have been teaching ____ over 10 years now.\"', 'from', 'since', 'for', 'before', 2, '', 0, 0, '', '', ''),
(51, 6, 1, 'Did you ___ the big accident on the highway this morning?', 'have seen', 'seen', 'see', 'saw', 2, '', 0, 0, '', '', ''),
(52, 6, 2, 'There are no more cookies. I ____ them all.', 'eaten', 'have ate', 'eat', 'ate', 3, '', 0, 0, '', '', ''),
(53, 6, 3, 'Dave _____ so much last night, he fell asleep on the sidewalk!', 'drunk', 'drank', 'drunken', 'drink', 1, '', 0, 0, '', '', ''),
(54, 6, 4, 'I have never ____ a beach as beautiful as this one!', 'seen', 'saw', 'see', 'sawn', 0, '', 0, 0, '', '', ''),
(55, 6, 5, 'Have you ever _____ a bullet train?', 'riden', 'ride', 'rode', 'ridden', 3, '', 0, 0, '', '', ''),
(56, 6, 6, 'The Titanic ____ in 1912.', 'sank', 'sunk', 'sink', 'has sunk', 0, '', 0, 0, '', '', ''),
(57, 6, 7, 'Stephen King has _____ more than 50 novels.', 'writes', 'wrote', 'write', 'written', 3, '', 0, 0, '', '', ''),
(58, 6, 8, 'I can\'t find my phone. Did you ____ it?', 'taken', 'take', 'took', 'tooken', 1, '', 0, 0, '', '', ''),
(59, 6, 9, 'When was this house _____?', 'built', 'build', 'builden', 'builded', 0, '', 0, 0, '', '', ''),
(60, 6, 10, 'Mom! That mean dog next door ____ me!', 'bought', 'bited', 'bitten', 'bit', 3, '', 0, 0, '', '', ''),
(61, 7, 1, 'Wow, that\'s a <strong>beautiful</strong> car!', 'noun', 'verb', 'adjective', 'adverb', 2, '', 0, 0, '', '', ''),
(62, 7, 2, '\"She loves to <strong>sing</strong> when she\'s driving.\"', 'noun', 'verb', 'adjective', 'adverb', 1, '', 0, 0, '', '', ''),
(96, 10, 5, 'What do you do on a mountain?', 'sleep', 'eat', 'shop', 'ski', 3, '', 0, 0, '', '', ''),
(63, 7, 3, '\"David is always tired because he works <strong>hard</strong> every day.', 'noun', 'verb', 'adjective', 'adverb', 3, '', 0, 0, '', '', ''),
(64, 7, 4, '\"I couldn\'t sleep last night. The floor was much too <strong>hard</strong>.', 'noun', 'verb', 'adjective', 'adverb', 2, '', 0, 0, '', '', ''),
(95, 10, 4, 'What do you do in a pool?', 'drink', 'swim', 'read', 'talk', 1, '', 0, 0, '', '', ''),
(65, 7, 5, '\"Look at your <strong>watch</strong>.\"', 'noun', 'verb', 'adjective', 'adverb', 0, '', 0, 0, '', '', ''),
(94, 10, 3, 'What do you do in a gym?', 'drink', 'eat', 'read', 'exercise', 3, '', 0, 0, '', '', ''),
(66, 7, 6, '\"What will you <strong>name</strong> the baby?\"', 'noun', 'verb', 'adjective', 'adverb', 1, '', 0, 0, '', '', ''),
(67, 7, 7, '\"Slow down! You\'re walking too <strong>fast</strong>!\"', 'noun', 'verb', 'adjective', 'adverb', 3, '', 0, 0, '', '', ''),
(93, 10, 2, 'What do you do in a cafeteria?', 'study', 'eat', 'read', 'shop', 1, '', 0, 0, '', '', ''),
(68, 7, 8, '\"We\'re broke. We <strong>rarely</strong> go out.\"', 'noun', 'verb', 'adjective', 'adverb', 3, '', 0, 0, '', '', ''),
(92, 10, 1, 'What do you do in a library?', 'dance', 'eat', 'read', 'shout', 2, '', 0, 0, '', '', ''),
(69, 7, 9, '\"Bungee jumping is dangerous but it\'s also a lot of <strong>fun</strong>!\"', 'noun', 'verb', 'adjective', 'adverb', 0, '', 0, 0, '', '', ''),
(70, 7, 10, '\"Did you know that <strong>dancing</strong> burns more calories than jogging?\"', 'noun', 'verb', 'adjective', 'adverb', 0, '', 0, 0, '', '', ''),
(91, 9, 11, 'Do they sell milk ____ the convenience store?', 'at', 'in', 'into', 'from', 0, '', 0, 0, '', '', ''),
(71, 8, 1, 'Select the most appropriate adverb to complete the sentence.\r\n\r\nSheila can run very ________.', 'fastly', 'early', 'soonly', 'quickly', 3, '', 0, 0, '', '', ''),
(72, 8, 2, 'Select the most appropriate adverb to complete the sentence.\r\n\r\nSam works _____.', 'exactly', 'extremely', 'hard', 'hardly', 2, '', 0, 0, '', '', ''),
(73, 8, 3, 'Select the most appropriate adverb to complete the sentence.\r\n\r\nCan you swim _____?', 'well', 'really', 'almost', 'good', 0, '', 0, 0, '', '', ''),
(74, 8, 4, 'Select the most appropriate adverb to complete the sentence.\r\n\r\nI ______ don\'t know what you\'re talking about!', 'strongly', 'perfectly', 'honestly', 'effortlessly', 2, '', 0, 0, '', '', ''),
(75, 8, 5, 'Select the most appropriate adverb to complete the sentence.\r\n\r\nYou can\'t ______ be serious!', 'possibly', 'perfectly', 'extremely', 'easily', 0, '', 0, 0, '', '', ''),
(76, 8, 6, 'Select the most appropriate adverb to complete the sentence.\r\n\r\nAlbert arrived ____ for work this morning.', 'after', 'later', 'late', 'lately', 2, '', 0, 0, '', '', ''),
(77, 8, 7, 'Select the most appropriate adverb to complete the sentence.\r\n\r\nI\'ve been cooking for 30 years. I can _____ make bread!', 'eventually', 'easily', 'gladly', 'greatly', 1, '', 0, 0, '', '', ''),
(78, 8, 8, 'Select the most appropriate adverb to complete the sentence.\r\n\r\nWould you please chew your food ______? It\'s really grossing me out!', 'intensely', 'mostly', 'loudly', 'quietly', 3, '', 0, 0, '', '', ''),
(79, 8, 9, 'Select the most appropriate adverb to complete the sentence.\r\n\r\nI know how to play tennis but I\'m not very good at it because I play it very ______.', 'rarely', 'frequently', 'often', 'sometimes', 0, '', 0, 0, '', '', ''),
(80, 8, 10, 'Select the most appropriate adverb to complete the sentence.\r\n\r\n______, Andy\'s wife died in a car accident last month.', 'Wisely', 'Loudly', 'Terribly', 'Sadly', 3, '', 0, 0, '', '', ''),
(81, 9, 1, 'Put the book ____ the table, please.', 'in', 'at', 'on', 'over', 2, '', 0, 0, '', '', ''),
(82, 9, 2, 'You can find any information you want ____ the Internet.\r\n', 'in', 'at', 'on', 'over', 2, '', 0, 0, '', '', ''),
(83, 9, 3, 'You broke the window? You\'re ____ trouble now!', 'in', 'within', 'at', 'into', 0, '', 0, 0, '', '', ''),
(84, 9, 4, 'The car keys are hanging ____ the hook.', 'in', 'at', 'on', 'over', 2, '', 0, 0, '', '', ''),
(85, 9, 5, 'It\'s only 2:30pm. The kids are still ____ school.', 'with', 'at', 'on', 'over', 1, '', 0, 0, '', '', ''),
(86, 9, 6, 'Let\'s hang the painting _____ the sofa.', 'over', 'onto', 'on', 'above', 3, '', 0, 0, '', '', ''),
(87, 9, 7, 'Everyone\'s going out _____ work. Wanna come?', 'after', 'later', 'in', 'over', 0, '', 0, 0, '', '', ''),
(88, 9, 8, '____ how long were you in Italy? Three months?', 'After', 'From', 'While', 'For', 3, '', 0, 0, '', '', ''),
(89, 9, 9, 'I need to keep working _____ I save enough money for a new car. Then I can change jobs.', 'until', 'since', 'still', 'yet', 0, '', 0, 0, '', '', ''),
(90, 9, 10, 'I need to go for a dental cleaning. The coffee stains ____ my teeth are getting pretty bad.', 'in', 'at', 'with', 'on', 3, '', 0, 0, '', '', ''),
(97, 10, 6, 'What do you do at a mall?', 'exercise', 'drink', 'shop', 'ski', 2, '', 0, 0, '', '', ''),
(98, 10, 7, 'What do you do on a court?', 'dance', 'play tennis', 'exercise', 'play hockey', 1, '', 0, 0, '', '', ''),
(99, 10, 8, 'What do you do in an arena?', 'play hockey', 'play tennis', 'exercise', 'dance', 0, '', 0, 0, '', '', ''),
(100, 10, 9, 'What do you do at school?', 'drive', 'shop', 'ski', 'study', 3, '', 0, 0, '', '', ''),
(101, 10, 10, 'What do you do at a casino?', 'dance', 'gamble', 'study', 'swim', 1, '', 0, 0, '', '', ''),
(102, 11, 1, 'You can smell because you have _____.', 'a nose', 'a mouth', 'hands', 'feet', 0, '', 0, 0, '', '', ''),
(103, 11, 2, 'You can walk because you have _____.', 'eyes', 'hair', 'hands', 'legs', 3, '', 0, 0, '', '', ''),
(104, 11, 3, 'You can eat because you have _____.', 'elbows', 'a mouth', 'a chin', 'a nose', 1, '', 0, 0, '', '', ''),
(105, 11, 4, 'You can hear because you have _____.', 'fingers', 'a mouth', 'ears', 'knees', 2, '', 0, 0, '', '', ''),
(106, 11, 5, 'You can run because you have _____.', 'fingers', 'a mouth', 'legs', 'shoulders', 2, '', 0, 0, '', '', ''),
(107, 11, 6, 'You can see because you have _____.', 'eyes', 'ears', 'fingernails', 'toes', 0, '', 0, 0, '', '', ''),
(108, 11, 7, 'You can hold things because you have _____.', 'eyes', 'ears', 'toes', 'hands', 3, '', 0, 0, '', '', ''),
(109, 11, 8, 'You can taste food because you have _____.', 'lips', 'teeth', 'gums', 'a tongue', 3, '', 0, 0, '', '', ''),
(110, 11, 9, 'You can think because you have _____.', 'ears', 'a brain', 'a back', 'a stomach', 1, '', 0, 0, '', '', ''),
(111, 11, 10, 'You can bite things because you have _____.', 'lips', 'nostrils', 'eyelashes', 'teeth', 3, '', 0, 0, '', '', ''),
(112, 12, 1, 'What color are most ripe apples?', 'yellow', 'black', 'red', 'orange', 2, '', 0, 0, '', '', ''),
(113, 12, 2, 'What color are elephants?', 'gray', 'black', 'red', 'orange', 0, '', 0, 0, '', '', ''),
(114, 12, 3, 'What color are most ripe bananas?', 'gray', 'yellow', 'red', 'orange', 1, '', 0, 0, '', '', ''),
(115, 12, 4, 'What color is the sky on a nice, sunny day?', 'gray', 'black', 'blue', 'green', 2, '', 0, 0, '', '', ''),
(116, 12, 5, 'What color is snow?', 'gray', 'yellow', 'white', 'green', 2, '', 0, 0, '', '', ''),
(117, 12, 6, 'What color is healthy grass?', 'brown', 'blue', 'green', 'pink', 2, '', 0, 0, '', '', ''),
(118, 12, 7, 'What color is black paint?', 'black', 'blue', 'green', 'pink', 0, '', 0, 0, '', '', ''),
(119, 12, 8, 'What color are strawberries, raspberries and cherries?', 'black', 'blue', 'green', 'red', 3, '', 0, 0, '', '', ''),
(120, 12, 9, 'What color are most fire engines?', 'black', 'blue', 'green', 'red', 3, '', 0, 0, '', '', ''),
(121, 12, 10, 'What color is wood, usually?', 'brown', 'blue', 'black', 'clear', 0, '', 0, 0, '', '', ''),
(122, 13, 1, 'Your mother\'s father is your _____.', 'brother-in-law', 'grandfather', 'uncle', 'father', 1, '', 0, 0, '', '', ''),
(123, 13, 2, 'Your father\'s brother is your _____.', 'brother-in-law', 'grandfather', 'uncle', 'father', 2, '', 0, 0, '', '', ''),
(124, 13, 3, 'Your female parent is your _____.', 'mother', 'aunt', 'sister', 'daughter', 0, '', 0, 0, '', '', ''),
(125, 13, 4, 'Your female child is your _____.', 'mother', 'aunt', 'sister', 'daughter', 3, '', 0, 0, '', '', ''),
(126, 13, 5, 'Your female sibling is your _____.', 'mother', 'aunt', 'sister', 'daughter', 2, '', 0, 0, '', '', ''),
(127, 13, 6, 'Your son is your mother\'s _____.', 'grandson', 'nephew', 'niece', 'son', 0, '', 0, 0, '', '', ''),
(128, 13, 7, 'Your wife\'s brother is your _____.', 'brother', 'uncle', 'nephew', 'brother-in-law', 3, '', 0, 0, '', '', ''),
(129, 13, 8, 'Your mother\'s new husband is your _____.', 'father', 'step-father', 'uncle', 'father-in-law', 1, '', 0, 0, '', '', ''),
(130, 13, 9, 'Your father\'s sister\'s child is your _____.', 'cousin', 'second-cousin', 'step-cousin', 'half-cousin', 0, '', 0, 0, '', '', ''),
(131, 13, 10, 'Your father\'s and his 2nd wife\'s son is your _____.', 'step-brother', 'brother', 'half-brother', 'brother-in-law', 2, '', 0, 0, '', '', ''),
(132, 14, 1, 'Which holiday falls on December 25th?', 'Christmas', 'Christmas Eve', 'New Year\'s', 'Halloween', 0, '', 0, 0, '', '', ''),
(133, 14, 2, 'Which holiday falls on January 1st?', 'Christmas', 'Halloween', 'New Year\'s', 'Valentine\'s Day', 2, '', 0, 0, '', '', ''),
(134, 14, 3, 'Which holiday falls on February 14th?', 'St. Patrick\'s Day', 'Thanksgiving', 'Valentine\'s Day', 'Labor Day', 2, '', 0, 0, '', '', ''),
(135, 14, 4, 'Which holiday falls on March 17th?', 'St. Patrick\'s Day', 'Independence Day', 'Valentine\'s Day', 'Labor Day', 0, '', 0, 0, '', '', ''),
(136, 14, 5, 'Which holiday falls on the 2nd Sunday of May?', 'Father\'s Day', 'Mother\'s Day', 'Independence Day', 'Labor Day', 1, '', 0, 0, '', '', ''),
(137, 14, 6, 'Which holiday falls on the 3rd Sunday of June?', 'Labor Day', 'Mother\'s Day', 'Independence Day', 'Father\'s Day', 3, '', 0, 0, '', '', ''),
(138, 14, 7, 'Which holiday falls on July 4th?', 'US Day', 'Labor Day', 'Columbus Day', 'Independence Day', 3, '', 0, 0, '', '', ''),
(139, 14, 8, 'Which holiday falls on the first Monday of September?', 'Father\'s Day', 'Labor Day', 'Columbus Day', 'Mother\'s Day', 1, '', 0, 0, '', '', ''),
(140, 14, 9, 'Which holiday falls on the fourth Thursday of November?', 'Thanksgiving', 'Labor Day', 'Columbus Day', 'Halloween', 0, '', 0, 0, '', '', ''),
(141, 14, 10, 'Which holiday falls on October 31st?', 'Thanksgiving', 'Labor Day', 'Columbus Day', 'Halloween', 3, '', 0, 0, '', '', ''),
(142, 15, 1, 'Which language do most people speak in Canada?', 'French', 'English', 'Spanish', 'Canadian', 1, '', 0, 0, '', '', ''),
(143, 15, 2, 'Which language do most people speak in the United States?', 'French', 'English', 'Spanish', 'American', 1, '', 0, 0, '', '', ''),
(144, 15, 3, 'Which language do most people speak in Brazil?', 'Brazilian', 'English', 'Spanish', 'Portuguese', 3, '', 0, 0, '', '', ''),
(145, 15, 4, 'Which language do most people speak in Mexico?', 'Mexican', 'English', 'Spanish', 'Portuguese', 2, '', 0, 0, '', '', ''),
(146, 15, 5, 'Which language do most people speak in China?', 'Chinese', 'English', 'Cantonese', 'Mandarin', 3, '', 0, 0, '', '', ''),
(147, 15, 6, 'Which language do most people speak in the Philippines?', 'Philipino', 'Filipino', 'Tagalog', 'English', 2, '', 0, 0, '', '', ''),
(148, 15, 7, 'Which language do most people speak in Germany?', 'German', 'Germanian', 'Germanese ', 'Germany', 0, '', 0, 0, '', '', ''),
(149, 15, 8, 'Which language do most people speak in Egypt?', 'Arabic', 'Egyptian', 'African', 'Persian', 0, '', 0, 0, '', '', ''),
(150, 15, 9, 'Which language do most people speak in Iran?', 'Arabic', 'Iranian', 'African', 'Persian', 3, '', 0, 0, '', '', ''),
(151, 15, 10, 'Which language do most people speak in Switzerland?', 'Swiss', 'German', 'French', 'Italian', 1, '', 0, 0, '', '', ''),
(152, 16, 1, 'She is from Canada. She is ______.', 'Canadese', 'Canadan', 'Canadian', 'Canadano', 2, '', 0, 0, '', '', ''),
(153, 16, 2, 'They are from China. They are _____.', 'Chinese', 'Chinian', 'Chino', 'Chinan', 0, '', 0, 0, '', '', ''),
(154, 16, 3, 'He is from Peru. He is _____.', 'Peruvan', 'Peruvian', 'Perunian', 'Perunese', 1, '', 0, 0, '', '', ''),
(155, 16, 4, 'We are from Germany. We are _____.', 'Germanian', 'Germano', 'Germany', 'German', 3, '', 0, 0, '', '', ''),
(156, 16, 5, 'You are from Greece. You are _____.', 'Greek', 'Greecian', 'Greecan', 'Greecish', 0, '', 0, 0, '', '', ''),
(157, 16, 6, 'He is from Japan. He is _____.', 'Japanian', 'Japanese', 'Japanish', 'Japonican', 1, '', 0, 0, '', '', ''),
(158, 16, 7, 'She is from Austria. She is _____.', 'Austranese', 'Aussie', 'Austrian', 'Australian', 2, '', 0, 0, '', '', ''),
(159, 16, 8, 'They are from Switzerland. They are _____.', 'Swiss', 'Swish', 'Switzer', 'Switzerlandan', 0, '', 0, 0, '', '', ''),
(160, 16, 9, 'I am from Thailand. I am _____.', 'Thailandese', 'Thailandan', 'Thai', 'Thailese', 2, '', 0, 0, '', '', ''),
(161, 16, 10, 'She is from Finland. She is _____.', 'Fine', 'Finnish', 'Finnlandese', 'Finese', 1, '', 0, 0, '', '', ''),
(162, 17, 1, 'You play this game on ice with sticks and a puck.', 'soccer', 'lacrosse', 'hockey', 'football', 2, '', 0, 0, '', '', ''),
(163, 17, 2, 'You can\'t use your hands to play this game.', 'soccer', 'baseball', 'hockey', 'football', 0, '', 0, 0, '', '', ''),
(164, 17, 3, 'You play this game on a court with rackets and a felt-covered ball.', 'ping pong', 'badminton', 'volleyball', 'tennis', 3, '', 0, 0, '', '', ''),
(165, 17, 4, 'You play this game with a \"pigskin\" on a 100-yard field.', 'football', 'lacrosse', 'volleyball', 'field hockey', 0, '', 0, 0, '', '', ''),
(166, 17, 5, 'The goal of this game is to get the big, orange, bouncy ball in the opponent\'s net.', 'baseball', 'hockey', 'basketball', 'tennis', 2, '', 0, 0, '', '', ''),
(167, 17, 6, 'In this sport, you wear big puffy gloves and try to beat up your opponent in a ring.', 'boxing', 'wrestling', 'golf', 'hockey', 0, '', 0, 0, '', '', ''),
(168, 17, 7, 'This game uses funny names for scoring, like \"birdy\", \"eagle\" and \"bogey\".', 'rugby', 'handball', 'golf', 'cricket', 2, '', 0, 0, '', '', ''),
(169, 17, 8, 'To play this game, you need a racket, a net and a shuttlecock.', 'handball', 'badminton', 'golf', 'cricket', 1, '', 0, 0, '', '', ''),
(170, 17, 9, 'For this sport, you\'ll need one of three weapons: a foil, an épée or a sabre.', 'karate', 'bowling', 'squash', 'fencing', 3, '', 0, 0, '', '', ''),
(171, 17, 10, 'This sport is usually played in a gymnasium or on a beach.', 'tennis', 'volleyball', 'cycling', 'gymnastics', 1, '', 0, 0, '', '', ''),
(172, 18, 1, 'John is _____ with envy because I got a raise at work and he didn\'t.', 'pink', 'black', 'red', 'green', 3, '', 0, 0, '', '', ''),
(173, 18, 2, 'When I told my dad I crashed his car, he saw _____!', 'red', 'blue', 'purple', 'green', 0, '', 0, 0, '', '', ''),
(174, 18, 3, 'Lisa grows all her own vegetables. She really has a _____ thumb.', 'brown', 'white', 'green', 'yello', 2, '', 0, 0, '', '', ''),
(175, 18, 4, 'I\'m not sure if you can do that. The rules aren\'t clear. It\'s a _____ area.', 'gray', 'black', 'white', 'red', 0, '', 0, 0, '', '', ''),
(176, 18, 5, 'Hey honey! I got a HUGE bonus this year! Let\'s go out and paint the town _____ to celebrate!', 'gray', 'black', 'white', 'red', 3, '', 0, 0, '', '', ''),
(177, 18, 6, 'Lance never had to work for anything in his life. It must be nice to be born with a _____ spoon in your mouth!', 'golden', 'silver', 'metal', 'wooden', 1, '', 0, 0, '', '', ''),
(178, 18, 7, 'I\'ve never told a serious lie in my life, just the occasional _____ lie to spare people\'s feelings.', 'silver', 'gray', 'pink', 'white', 3, '', 0, 0, '', '', ''),
(179, 18, 8, 'I can\'t believe you said no to that offer. That was a _____ opportunity!', 'silver', 'gray', 'golden', 'white', 2, '', 0, 0, '', '', ''),
(180, 18, 9, 'He\'s still very _____. Just give him a chance and I\'m sure he\'ll become a very good sales associate.', 'green', 'gray', 'blue', 'pink', 0, '', 0, 0, '', '', ''),
(181, 18, 10, 'I don\'t hear from him very often. Once in a _____ moon.', 'green', 'gray', 'blue', 'pink', 2, '', 0, 0, '', '', ''),
(182, 19, 1, 'Choose the most likely reply.\r\n\r\n\"Hi. I\'m Syl. Nice to meet you!\"', 'OK, bye!', 'Hi Syl. Nice to meet you, too. I\'m John.', 'I love this song!', 'Hi Syl. Nice to meet you, too. I\'m hungry.', 1, '', 0, 0, '', '', ''),
(183, 19, 2, 'Choose the most likely reply.\r\n\r\n\"What\'s your favorite color?\"', 'My car is blue.', 'I hate green.', 'I love pink!', 'I love tomatoes and they are red.', 2, '', 0, 0, '', '', ''),
(184, 19, 3, 'Choose the correct question to this reply.\r\n\r\n\"I\'m five foot nine.\"', 'How many feet do you have?', 'What is your tallness?', 'How tall are you?', 'You are how tall are you?', 2, '', 0, 0, '', '', ''),
(185, 19, 4, 'Choose the correct question to this reply.\r\n\r\n\"Red.\"', 'How tall are you?', 'How old are you?', 'What\'s your favorite animal?', 'What\'s your favorite color?', 3, '', 0, 0, '', '', ''),
(186, 19, 5, 'Choose the most likely reply.\r\n\r\n\"Where are you from?\"', 'I\'m from Toronto.', 'I was born in Europe.', 'I lived in Brazil for three years.', 'I don\'t remember.', 0, '', 0, 0, '', '', ''),
(187, 19, 6, 'Choose the most likely reply.\r\n\r\n\"Are you married?\"', 'I have two children.', 'My wife\'s name is Sarah.', 'No, I\'m single. You?', 'I don\'t remember.', 2, '', 0, 0, '', '', ''),
(188, 19, 7, 'Choose the most likely reply.\r\n\r\n\"What time is it?\"', 'Tomorrow.', 'Tonight.', 'I will go home at five o\'clock.', 'Quarter to four.', 3, '', 0, 0, '', '', ''),
(189, 19, 8, 'Choose the most likely reply.\r\n\r\n\"What a beautiful watch!\"', 'Why are you watching me?', 'Thank you! I like yours too!', 'It\'s three o\'clock.', 'Shut up!', 1, '', 0, 0, '', '', ''),
(190, 19, 9, 'Choose the correct question to this reply.\r\n\r\n\"I\'m a doctor.\"', 'What do you do?', 'What are you doing?', 'What will you do?', 'What do you doo bee doo bee doo?', 0, '', 0, 0, '', '', ''),
(191, 19, 10, 'Choose the correct question to this reply.\r\n\r\n\"Downtown.\"', 'Where do you live?', 'Where did you go for vacation?', 'What time is it?', 'How tall are you?', 0, '', 0, 0, '', '', ''),
(192, 20, 1, 'Choose the most grammatically correct statement/question.', 'What is the name of you?', 'What is your name?', 'Your name is the what?', 'What your name?', 1, '', 0, 0, '', '', ''),
(193, 20, 2, 'Choose the most grammatically correct statement/question.', 'Do you like animals?', 'Are you like animals?', 'The animals you like?', 'Do you like animal?', 0, '', 0, 0, '', '', ''),
(194, 20, 3, 'Choose the most grammatically correct statement/question.', 'Are you from the Canada?', 'Is you from Canada?', 'From Canada you are?', 'Are you from Canada?', 3, '', 0, 0, '', '', ''),
(195, 20, 4, 'Choose the most grammatically correct statement/question.', 'Does she live in Paris?', 'Do she live in Paris?', 'Does she\'s live in Paris?', 'Does she lives in Paris?', 0, '', 0, 0, '', '', ''),
(196, 20, 5, 'Choose the most grammatically correct statement/question.', 'How do you spell the name?', 'How you spell your name?', 'How do you spell your name?', 'How does you spell your name?', 2, '', 0, 0, '', '', ''),
(197, 20, 6, 'Choose the most grammatically correct statement/question.', 'Who called you?', 'Who called to you?', 'Who did call you?', 'Who did called you?', 0, '', 0, 0, '', '', ''),
(198, 20, 7, 'Choose the most grammatically correct statement/question.', 'Does you like swimming?', 'Do you like the swimming?', 'Does you like the swimming?', 'Do you like swimming?', 3, '', 0, 0, '', '', ''),
(199, 20, 8, 'Choose the most grammatically correct statement/question.', 'What you do?', 'What do you do?', 'What is you do?', 'What does you do?', 1, '', 0, 0, '', '', ''),
(200, 20, 9, 'Choose the most grammatically correct statement/question.', 'Laura lives in that building.', 'Laura can lives in that building.', 'Laura is lives in that building.', 'Laura\'s live in that building.', 0, '', 0, 0, '', '', ''),
(201, 20, 10, 'Choose the most grammatically correct statement/question.', 'When did you move here?', 'When you did move here?', 'Did you move here when?', 'When move did you here?', 0, '', 0, 0, '', '', ''),
(202, 21, 1, 'What color is the square?', 'black', 'white', 'blue', 'brown', 0, '', 0, 0, 'images/colors/black.jpg', '', ''),
(203, 21, 2, 'What color is the square?', 'black', 'white', 'blue', 'brown', 3, '', 0, 0, 'images/colors/brown.jpg', '', ''),
(204, 21, 3, 'What color is the square?', 'black', 'white', 'blue', 'brown', 2, '', 0, 0, 'images/colors/blue.jpg', '', ''),
(205, 21, 4, 'What color is the square?', 'purple', 'grey', 'pink', 'brown', 2, '', 0, 0, 'images/colors/pink.jpg', '', ''),
(206, 21, 5, 'What color is the square?', 'purple', 'green', 'pink', 'orange', 1, '', 0, 0, 'images/colors/green.jpg', '', ''),
(207, 21, 6, 'What color is the square?', 'purple', 'green', 'pink', 'beige', 3, '', 0, 0, 'images/colors/beige.jpg', '', ''),
(208, 21, 7, 'What color is the square?', 'yellow', 'green', 'red', 'beige', 0, '', 0, 0, 'images/colors/yellow.jpg', '', ''),
(209, 21, 8, 'What color is the square?', 'yellow', 'green', 'purple', 'white', 2, '', 0, 0, 'images/colors/purple.jpg', '', ''),
(210, 21, 9, 'What color is the square?', 'yellow', 'green', 'purple', 'grey', 3, '', 0, 0, 'images/colors/grey.jpg', '', ''),
(211, 21, 10, 'What color is the square?', 'white', 'orange', 'purple', 'green', 1, '', 0, 0, 'images/colors/orange.jpg', '', ''),
(212, 21, 11, 'What color is the square?', 'red', 'orange', 'purple', 'green', 0, '', 0, 0, 'images/colors/red.jpg', '', ''),
(213, 21, 12, 'What color is the square?', 'red', 'orange', 'white', 'green', 2, '', 0, 0, 'images/colors/white.jpg', '', ''),
(214, 22, 1, 'Which pair of words are pronounced the same way?', 'floor / flour', 'flare / floor', 'flour / flower', 'fowl / flow', 2, '', 0, 0, '', '', ''),
(215, 22, 2, 'Which pair of words are pronounced the same way?', 'right / write', 'right / rate', 'write / route', 'wrote / route', 0, '', 0, 0, '', '', ''),
(216, 22, 3, 'Which pair of words are pronounced the same way?', 'bare / bore', 'bear / bare', 'beer / bear', 'beer / be a', 1, '', 0, 0, '', '', ''),
(217, 22, 4, 'Which pair of words are pronounced the same way?', 'boss / bass', 'peas / bees', 'base / bass', 'bees / bass', 2, '', 0, 0, '', '', ''),
(218, 22, 5, 'Which pair of words are pronounced the same way?', 'seal / sill', 'sell / sail', 'cell / soil', 'cell / sell', 3, '', 0, 0, '', '', ''),
(219, 22, 6, 'Which pair of words are pronounced the same way?', 'sat / sought', 'suit / shoot', 'sight / site', 'sit / seat', 2, '', 0, 0, '', '', ''),
(220, 22, 7, 'Which pair of words are pronounced the same way?', 'dear / deer', 'dire / deer', 'door / dour', 'dare / dear', 0, '', 0, 0, '', '', ''),
(221, 22, 8, 'Which pair of words are pronounced the same way?', 'dual / duel', 'dull / dual', 'dill / deal', 'dial / deal', 0, '', 0, 0, '', '', ''),
(222, 22, 9, 'Which pair of words are pronounced the same way?', 'fear / fire', 'four / for', 'fair / far', 'fewer / furor', 1, '', 0, 0, '', '', ''),
(223, 22, 10, 'Which pair of words are pronounced the same way?', 'win / wean', 'waned / wand', 'one / won', 'own / on', 2, '', 0, 0, '', '', ''),
(224, 23, 1, 'Mt. Everest is ___ tallest mountain in the world.', 'a', 'an', 'the', '(nothing)', 2, '', 0, 0, '', '', ''),
(225, 23, 2, 'Honey, are you going to take ___ bus to work tomorrow?', 'a', 'an', 'the', '(nothing)', 2, '', 0, 0, '', '', ''),
(226, 23, 3, 'Let\'s go to ___ McDonald\'s for lunch!', 'a', 'an', 'the', '(nothing)', 3, '', 0, 0, '', '', ''),
(227, 23, 4, 'I\'m hungry. Check Google Maps to see if there\'s ___ McDonald\'s around here somewhere.', 'a', 'an', 'the', '(nothing)', 0, '', 0, 0, '', '', ''),
(228, 23, 5, 'I\'m leaving now. I\'ll be there in ___ hour or so.', 'a', 'an', 'the', '(nothing)', 1, '', 0, 0, '', '', ''),
(229, 23, 6, 'Ah, yes, I\'d like to order some fries and ___ large Coke, please.', 'a', 'an', 'the', '(nothing)', 0, '', 0, 0, '', '', ''),
(230, 23, 7, 'Next weekend, let\'s take a drive out to ___ countryside!', 'a', 'an', 'the', '(nothing)', 2, '', 0, 0, '', '', ''),
(231, 23, 8, '(In a small restaurant) Excuse me, where\'s ___ washroom?', 'a', 'an', 'the', '(nothing)', 2, '', 0, 0, '', '', ''),
(232, 23, 9, '(In a large shopping mall) Excuse me, where\'s ___ washroom?', 'a', 'an', 'the', '(nothing)', 2, '', 0, 0, '', '', ''),
(233, 23, 10, 'We can get there much faster if we take ___ Highway 2.', 'a', 'an', 'the', '(nothing)', 3, '', 0, 0, '', '', ''),
(234, 23, 11, 'We can get there much faster if we take ___ highway.', 'a', 'an', 'the', '(nothing)', 2, '', 0, 0, '', '', ''),
(235, 23, 12, 'Your breath stinks! Did you eat ___ onions today?', 'a', 'an', 'the', '(nothing)', 3, '', 0, 0, '', '', ''),
(236, 23, 13, 'You can\'t become a doctor if you don\'t go to ___ university.', 'a', 'an', 'the', '(nothing)', 3, '', 0, 0, '', '', ''),
(237, 23, 14, 'I love ___ unique design of your ring!', 'a', 'an', 'the', '(nothing)', 2, '', 0, 0, '', '', ''),
(238, 23, 15, 'I can meet you at ___ Union Station at 4 o\'clock.', 'a', 'an', 'the', '(nothing)', 3, '', 0, 0, '', '', ''),
(345, 25, 4, 'Which country has the highest population in the world?', 'India', 'China', 'Brazil', 'Indonesia', 1, '', 0, 0, '', '', ''),
(331, 24, 10, 'Choose the correct spelling.', 'Sliver', 'Sylver', 'Silvre', 'Silver', 3, '', 0, 0, '', '', ''),
(330, 24, 9, 'Choose the correct spelling.', 'Black', 'Blake', 'Blac', 'Blak', 0, '', 0, 0, '', '', ''),
(329, 24, 8, 'Choose the correct spelling.', 'Braun', 'Brown', 'Brone', 'Brwon', 1, '', 0, 0, '', '', ''),
(328, 24, 7, 'Choose the correct spelling.', 'Yelo', 'Yellow', 'Yello', 'Yelow', 1, '', 0, 0, '', '', ''),
(327, 24, 6, 'Choose the correct spelling.', 'Red', 'Read', 'Rhed', 'Rede', 0, '', 0, 0, '', '', ''),
(326, 24, 5, 'Choose the correct spelling.', 'Wite', 'Waite', 'Whyte', 'White', 3, '', 0, 0, '', '', ''),
(325, 24, 4, 'Choose the correct spelling.', 'Greene', 'Green', 'Grine', 'Grien', 1, '', 0, 0, '', '', ''),
(322, 24, 1, 'Choose the correct spelling.', 'Pink', 'Pingk', 'Bink', 'Pinck', 0, '', 0, 0, '', '', ''),
(323, 24, 2, 'Choose the correct spelling.', 'Purpol', 'Purpil', 'Perple', 'Purple', 3, '', 0, 0, '', '', ''),
(324, 24, 3, 'Choose the correct spelling.', 'Bloo', 'Blew', 'Blue', 'Bulu', 2, '', 0, 0, '', '', ''),
(344, 25, 3, 'Which country has the longest coastline?', 'China', 'Australia', 'Russia', 'Canada', 3, '', 0, 0, '', '', ''),
(343, 25, 2, 'What is the largest country in the world by area?', 'Canada', 'Australia', 'Russia', 'China', 2, '', 0, 0, '', '', ''),
(342, 25, 1, 'How many countries are there in the world today (2018)?', '195', '215', '188', '202', 0, '', 0, 0, '', '', ''),
(346, 25, 5, 'How much of the world\'s surface is covered by water?', '50%', '30%', '70%', '90%', 2, '', 0, 0, '', '', ''),
(347, 25, 6, 'What is the smallest country in the world?', 'Japan', 'Vatican City', 'Monaco', 'Russia', 1, '', 0, 0, '', '', ''),
(348, 25, 7, 'What is the world population today (2018)?', '7.3 billion', '9 billion', '750 million', '4.5 billion', 0, '', 0, 0, '', '', ''),
(349, 25, 8, 'What is the largest city in the world by population (2018)?', 'Sao Paulo, Brazil', 'Mexico City, Mexico', 'Tokyo-Yokohama, Japan', 'New York, US', 2, '', 0, 0, '', '', ''),
(350, 25, 9, 'What is the largest organized religion in the world?', 'Buddhism', 'Islam', 'Hinduism', 'Christianity', 3, '', 0, 0, '', '', ''),
(351, 25, 10, 'How many continents are there in the world?', '7', '15', '5', '8', 0, '', 0, 0, '', '', ''),
(354, 26, 1, 'In which month is Mother\'s Day?', 'April', 'May', 'June', 'July', 1, '', 0, 0, '', '', ''),
(355, 26, 2, 'In which month is Father\'s Day?', 'April', 'May', 'June', 'July', 2, '', 0, 0, '', '', ''),
(356, 26, 3, 'In which month is Christmas?', 'November', 'December', 'January', 'July', 1, '', 0, 0, '', '', ''),
(357, 26, 4, 'In which month is Valentine\'s Day?', 'November', 'December', 'January', 'February', 3, '', 0, 0, '', '', ''),
(358, 26, 5, 'In which month is Labor Day?', 'November', 'December', 'September', 'October', 2, '', 0, 0, '', '', ''),
(359, 26, 6, 'In which month is New Year\'s Day?', 'November', 'December', 'January', 'February', 2, '', 0, 0, '', '', ''),
(360, 26, 7, 'In which month is St. Patrick\'s Day?', 'March', 'April', 'January', 'February', 0, '', 0, 0, '', '', ''),
(361, 26, 8, 'In which month is Canada Day?', 'April', 'July', 'August', 'November', 1, '', 0, 0, '', '', ''),
(362, 26, 9, 'In which month is Hallowe\'en?', 'September', 'October', 'November', 'December', 1, '', 0, 0, '', '', ''),
(363, 26, 10, 'In which month is Earth Day?', 'March', 'April', 'November', 'July', 1, '', 0, 0, '', '', ''),
(364, 27, 1, 'Which currency does Canada use?', 'dollars', 'pounds', 'euros', 'pesos', 0, '', 0, 0, '', '', ''),
(365, 27, 2, 'What is the capital of Canada?', 'Toronto', 'Montreal', 'Vancouver', 'Ottawa', 3, '', 0, 0, '', '', ''),
(366, 27, 3, 'What is the largest city in Canada?', 'Toronto', 'Montreal', 'Vancouver', 'Ottawa', 0, '', 0, 0, '', '', ''),
(367, 27, 4, 'When is Canada Day?', 'July 1st', 'July 4th', 'August 2nd', 'June 25th', 0, '', 0, 0, '', '', ''),
(368, 27, 5, 'Which of these movie stars is NOT Canadian?', 'Keanu Reeves', 'Ryan Reynolds', 'Ryan Gosling', 'Dwayne Johnson', 3, '', 0, 0, '', '', ''),
(369, 27, 6, 'Which of these musicians is NOT Canadian?', 'Justin Bieber', 'Shawn Mendes', 'Drake', 'Eminem', 3, '', 0, 0, '', '', ''),
(370, 27, 7, 'Which of these countries is the only one that is bigger than Canada?', 'United States', 'Russia', 'China', 'India', 1, '', 0, 0, '', '', ''),
(371, 27, 8, 'How many of the world\'s lakes are in Canada?', '12%', '27%', '44%', '62%', 3, '', 0, 0, '', '', ''),
(372, 27, 9, 'Poutine is a world famous Canadian food. What are its ingredients?', 'french fries, gravy, cheese curds', 'french fries, ketchup, mayonnaise', 'french fries, shredded cheddar cheese, ketchup', 'french fries, gravy, shredded mozzarella cheese', 0, '', 0, 0, '', '', ''),
(373, 27, 10, 'How many official languages does Canada have?', '0', '1', '2', '3', 2, '', 0, 0, '', '', ''),
(374, 28, 1, 'Choose the correct spelling.', 'Misspell', 'Mispell', 'Misspel', 'Mispel', 0, '', 0, 0, '', '', ''),
(375, 28, 2, 'Choose the correct spelling.', 'Guarantee', 'Garantee', 'Garentee', 'Guarentee', 0, '', 0, 0, '', '', ''),
(376, 28, 3, 'Choose the correct spelling.', 'Vaccuum', 'Vacuum', 'Vaccum', 'Vaccume', 1, '', 0, 0, '', '', ''),
(377, 28, 4, 'Choose the correct spelling.', 'Religious', 'Riligious', 'Relegious', 'Religius', 0, '', 0, 0, '', '', ''),
(378, 28, 5, 'Choose the correct spelling.', 'Acknowledge', 'Acknowlege', 'Acknawledge', 'Aknowlege', 0, '', 0, 0, '', '', ''),
(379, 28, 6, 'Choose the correct spelling.', 'Conscience', 'Contience', 'Consience', 'Conscients', 0, '', 0, 0, '', '', ''),
(380, 28, 7, 'Choose the correct spelling.', 'Secretary', 'Secratary', 'Secretery', 'Secritary', 0, '', 0, 0, '', '', ''),
(381, 28, 8, 'Choose the correct spelling.', 'Diarrhea', 'Diarhea', 'Diuria', 'Diahrrea', 0, '', 0, 0, '', '', ''),
(382, 28, 9, 'Choose the correct spelling.', 'Receipt', 'Reciept', 'Receitp', 'Recietp', 0, '', 0, 0, '', '', ''),
(383, 28, 10, 'Choose the correct spelling.', 'Successful', 'Succesful', 'Successfull', 'Succesfull', 0, '', 0, 0, '', '', '');

-- --------------------------------------------------------

--
-- Table structure for table `quizzes`
--

DROP TABLE IF EXISTS `quizzes`;
CREATE TABLE IF NOT EXISTS `quizzes` (
  `quizId` int(11) NOT NULL,
  `totalProbs` int(2) NOT NULL,
  `creator` varchar(30) COLLATE utf8mb4_unicode_ci NOT NULL,
  `language` varchar(30) COLLATE utf8mb4_unicode_ci NOT NULL DEFAULT 'English',
  `level` int(1) NOT NULL,
  `category` varchar(128) COLLATE utf8mb4_unicode_ci NOT NULL,
  `title` varchar(128) COLLATE utf8mb4_unicode_ci NOT NULL,
  `quizImgUrl` varchar(255) COLLATE utf8mb4_unicode_ci DEFAULT '',
  `description` varchar(256) COLLATE utf8mb4_unicode_ci DEFAULT NULL,
  `timed` tinyint(1) NOT NULL DEFAULT '0',
  `timeLimit` time DEFAULT NULL,
  `randomPs` tinyint(1) NOT NULL DEFAULT '1',
  `randomAs` tinyint(1) NOT NULL DEFAULT '1',
  `rating` float(2,1) NOT NULL DEFAULT '0.0',
  `timesRated` int(11) NOT NULL DEFAULT '0',
  `flagged` tinyint(1) NOT NULL DEFAULT '0',
  `flagCode` tinyint(1) NOT NULL DEFAULT '0',
  `starts` int(11) NOT NULL DEFAULT '0',
  `finishes` int(11) NOT NULL DEFAULT '0',
  `avgScore` float(4,1) NOT NULL DEFAULT '0.0',
  `timesTaken` int(11) NOT NULL DEFAULT '0',
  PRIMARY KEY (`quizId`)
) ENGINE=MyISAM DEFAULT CHARSET=utf8mb4 COLLATE=utf8mb4_unicode_ci;

--
-- Dumping data for table `quizzes`
--

INSERT INTO `quizzes` (`quizId`, `totalProbs`, `creator`, `language`, `level`, `category`, `title`, `quizImgUrl`, `description`, `timed`, `timeLimit`, `randomPs`, `randomAs`, `rating`, `timesRated`, `flagged`, `flagCode`, `starts`, `finishes`, `avgScore`, `timesTaken`) VALUES
(1, 10, 'Syl', 'English', 3, 'Vocabulary', 'Synonyms', '', 'Adjectives with similar meanings', 0, NULL, 1, 1, 0.0, 0, 0, 0, 0, 0, 0.0, 0),
(2, 10, 'Syl', 'English', 3, 'Vocabulary', 'Antonyms', '', 'Adjectives with opposite meanings', 0, NULL, 1, 1, 0.0, 0, 0, 0, 0, 0, 4.0, 2),
(3, 10, 'Syl', 'English', 4, 'Vocabulary', 'Easy words instead of hard words', 'https://gbhspanthertales.com/wp-content/uploads/2021/04/1_rspSgt7hWipd0UWIGHifSw.jpeg', 'Difficult and easy words with similar meanings', 0, NULL, 1, 1, 0.0, 0, 0, 0, 0, 0, 4.5, 2),
(4, 10, 'Syl', 'English', 3, 'Grammar', 'Prepositions of location', '', 'Do you know how to use in, on, under, in front of, etc., properly?', 0, NULL, 1, 1, 0.0, 0, 0, 0, 0, 0, 1.0, 1),
(5, 10, 'Syl', 'English', 4, 'Grammar', 'Prepositions of time', 'https://images.idgesg.net/images/article/2019/11/silhouette_composed_of_clocks_with_portions_drifting_away_by_thinkstock_647004812_abstract_background_by_tomislav_jakupe_cc0_via_pixabay-100819000-large.jpg', 'Before or ago? After or later? Etc.', 0, NULL, 1, 1, 0.0, 0, 0, 0, 0, 0, 0.0, 0),
(6, 10, 'Syl', 'English', 3, 'Grammar', 'Basic verb tenses', '', 'Present, past, past participle?', 0, NULL, 1, 1, 0.0, 0, 0, 0, 0, 0, 0.0, 0),
(7, 10, 'Syl', 'English', 2, 'Grammar', 'Parts of speech', '', 'What part of speech are these words?', 0, NULL, 1, 1, 0.0, 0, 0, 0, 0, 0, 0.0, 0),
(8, 10, 'Syl', 'English', 2, 'Grammar', 'Adverbs', '', 'I know you did it but HOW did you do it?', 0, NULL, 1, 1, 0.0, 0, 0, 0, 0, 0, 0.0, 0),
(9, 11, 'Syl', 'English', 2, 'Grammar', 'Prepositions', '', 'More prepositions', 0, NULL, 1, 1, 0.0, 0, 0, 0, 0, 0, 0.0, 0),
(10, 10, 'Syl', 'English', 1, 'Vocabulary', 'Places', 'https://thumbor.forbes.com/thumbor/960x0/https%3A%2F%2Fblogs-images.forbes.com%2Ftrevornace%2Ffiles%2F2015%2F11%2Fbeautiful-places-world-1200x900.jpg', 'What are you doing there?', 0, NULL, 1, 1, 0.0, 0, 0, 0, 0, 0, 4.5, 2),
(11, 10, 'Syl', 'English', 1, 'Vocabulary', 'The human body', 'https://encrypted-tbn0.gstatic.com/images?q=tbn:ANd9GcTWlBVKBru7lleafSf5-kx7YDxwi2wPHu1Fug&usqp=CAU', 'You don\'t need to be a doctor to know these words.', 0, NULL, 1, 1, 0.0, 0, 0, 0, 0, 0, 5.0, 3),
(12, 10, 'Syl', 'English', 1, 'Vocabulary', 'Colors 2', '', 'What color are these things?', 0, NULL, 1, 1, 0.0, 0, 0, 0, 0, 0, 6.2, 4),
(13, 10, 'Syl', 'English', 1, 'Vocabulary', 'Family', 'https://www.verywellmind.com/thmb/whHBaTFC7B6YduGGyTQy82zcg-g=/1887x1415/smart/filters:no_upscale()/family-parents-grandparents-Morsa-Images-Taxi-56a906ad3df78cf772a2ef29.jpg', 'My uncle\'s sister\'s daughter\'s brother is me.', 0, NULL, 1, 1, 3.0, 4, 0, 0, 0, 0, 1.0, 1),
(14, 10, 'Syl', 'English', 1, 'Vocabulary', 'US Holidays', '', 'Can you name these famous US holidays?', 0, NULL, 1, 1, 3.5, 4, 0, 0, 0, 0, 4.5, 4),
(15, 10, 'Syl', 'English', 1, 'Vocabulary', 'Countries and languages', '', 'Who here speaks Canadianese?', 0, NULL, 1, 1, 4.0, 3, 0, 0, 0, 0, 2.7, 3),
(16, 10, 'Syl', 'English', 1, 'Vocabulary', 'Nationalities', '', 'Where did you say you\'re from again?', 0, NULL, 1, 1, 5.0, 1, 0, 0, 0, 0, 2.5, 2),
(17, 10, 'Syl', 'English', 2, 'Vocabulary', 'Sports', '', 'Pick the described sport.', 0, NULL, 1, 1, 0.0, 0, 0, 0, 0, 0, 0.0, 0),
(18, 10, 'Syl', 'English', 3, 'Idioms', 'Colorful idioms', '', 'How many of these colorful idioms do you know?', 0, NULL, 1, 1, 0.0, 0, 0, 0, 0, 0, 1.0, 1),
(19, 10, 'Syl', 'English', 1, 'Conversation', 'Getting to know someone', '', 'How would you reply to these questions?', 0, NULL, 1, 1, 0.0, 0, 0, 0, 0, 0, 3.0, 1),
(20, 10, 'Syl', 'English', 1, 'Grammar', 'Getting to know someone 2', '', 'Do you know how to ask these basic questions?', 0, NULL, 1, 1, 0.0, 0, 0, 0, 0, 0, 5.0, 3),
(21, 12, 'Syl', 'English', 1, 'Vocabulary', 'Colors', '', 'Can you name these basic colors?', 0, NULL, 1, 1, 0.0, 0, 0, 0, 0, 0, 6.8, 6),
(22, 10, 'Syl', 'English', 2, 'Vocabulary', 'Homophones', '', 'Choose the words that are spelled differently but sound the same', 0, NULL, 1, 1, 0.0, 0, 0, 0, 0, 0, 0.0, 0),
(23, 15, 'Syl', 'English', 2, 'Grammar', 'Articles (a, an, the, nothing)', '', 'Do you know which article to use?', 0, NULL, 1, 1, 0.0, 0, 0, 0, 0, 0, 0.0, 0),
(24, 10, 'Syl', 'English', 1, 'Spelling', 'Basic colors', '', 'Can you spell these basic colors correctly?', 0, NULL, 1, 1, 0.0, 0, 0, 0, 0, 0, 0.0, 0),
(25, 10, 'Syl', 'English', 3, 'General', 'World Geography Superlatives', '', 'What\'s the largest, biggest, etc., in the world?', 0, NULL, 1, 1, 0.0, 0, 0, 0, 0, 0, 0.0, 0),
(26, 10, 'Syl', 'English', 1, 'General', 'Holiday Months', '', 'Do you know which months these holidays are in?', 0, NULL, 1, 1, 0.0, 0, 0, 0, 0, 0, 0.0, 0),
(27, 10, 'Syl', 'English', 2, 'General', 'Canada', '', 'How many of these questions about Canada can you answer?', 0, NULL, 1, 1, 0.0, 0, 0, 0, 0, 0, 0.0, 0),
(28, 10, 'Syl', 'English', 5, 'Spelling', 'Tricky spelling', 'https://readingeggs.com/images/articles/spelling_blog_image2.jpg', 'Even native English speakers make mistakes spelling these words! How many can YOU spell correctly?', 0, NULL, 1, 1, 0.0, 0, 0, 0, 0, 0, 0.0, 0);

-- --------------------------------------------------------

--
-- Table structure for table `quizzes_taken`
--

DROP TABLE IF EXISTS `quizzes_taken`;
CREATE TABLE IF NOT EXISTS `quizzes_taken` (
  `id` int(11) NOT NULL AUTO_INCREMENT,
  `datetime` timestamp NOT NULL DEFAULT CURRENT_TIMESTAMP ON UPDATE CURRENT_TIMESTAMP,
  `username` varchar(128) COLLATE utf8mb4_unicode_ci NOT NULL,
  `quizId` int(11) NOT NULL,
  `completed` tinyint(1) DEFAULT NULL,
  `score` int(2) DEFAULT NULL,
  PRIMARY KEY (`id`)
) ENGINE=MyISAM AUTO_INCREMENT=233 DEFAULT CHARSET=utf8mb4 COLLATE=utf8mb4_unicode_ci;

--
-- Dumping data for table `quizzes_taken`
--

INSERT INTO `quizzes_taken` (`id`, `datetime`, `username`, `quizId`, `completed`, `score`) VALUES
(50, '2018-04-05 13:46:40', 'Jhes18', 14, 1, 0),
(49, '2018-04-05 13:44:24', 'Jhes18', 13, 1, 0),
(48, '2018-04-05 13:43:11', 'Jhes18', 12, 1, 0),
(47, '2018-04-05 13:24:35', 'Jhes18', 11, 1, 0),
(46, '2018-04-05 13:18:32', 'Jhes18', 10, 1, 0),
(69, '2018-04-08 07:29:45', 'Jhes18', 25, 1, 7),
(51, '2018-04-05 13:47:25', 'Jhes18', 15, 1, 0),
(52, '2018-04-05 13:51:28', 'Jhes18', 16, 1, 0),
(53, '2018-04-05 13:52:26', 'Jhes18', 21, 1, 0),
(68, '2018-04-08 05:40:24', 'Jhes18', 5, 1, 3),
(55, '2018-04-06 01:48:44', 'Jhes18', 17, 1, 6),
(56, '2018-04-06 05:35:19', 'Jhes18', 1, 1, 5),
(57, '2018-04-06 05:39:04', 'Jhes18', 3, 1, 4),
(58, '2018-04-06 05:40:12', 'Jhes18', 2, 1, 6),
(59, '2018-04-06 12:42:11', 'Jhes18', 20, 1, 7),
(60, '2018-04-06 12:43:41', 'Jhes18', 24, 1, 10),
(61, '2018-04-06 12:46:00', 'Jhes18', 22, 1, 5),
(62, '2018-04-06 17:54:52', 'Jhes18', 23, 1, 9),
(63, '2018-04-06 19:20:35', 'Jhes18', 9, 1, 7),
(64, '2018-04-06 19:23:07', 'Jhes18', 19, 1, 10),
(65, '2018-04-07 12:22:03', 'Jhes18', 4, 1, 6),
(66, '2018-04-07 12:26:32', 'Jhes18', 18, 1, 4),
(67, '2018-04-08 05:30:21', 'Jhes18', 6, 1, 2),
(70, '2018-04-08 08:27:35', 'blahblah', 25, 1, 5),
(71, '2018-04-09 04:52:05', 'blahblah', 1, 1, 9),
(72, '2018-04-08 08:27:15', 'blahblah', 2, NULL, NULL),
(73, '2018-04-08 10:31:31', 'Jhes18', 7, 1, 3),
(74, '2018-04-08 19:33:46', 'Danilo', 14, 1, 8),
(75, '2018-04-08 19:34:39', 'Danilo', 7, NULL, NULL),
(76, '2018-04-08 19:36:06', 'Danilo', 12, 1, 10),
(77, '2018-04-08 19:36:59', 'Danilo', 11, 1, 10),
(78, '2018-04-08 19:37:47', 'Danilo', 10, 1, 8),
(79, '2018-04-08 19:39:31', 'Danilo', 13, 1, 7),
(80, '2018-04-08 19:40:37', 'Danilo', 15, 1, 5),
(81, '2018-04-08 19:40:46', 'Danilo', 16, NULL, NULL),
(82, '2018-05-03 01:18:11', 'danyrojo', 7, 1, 9),
(83, '2018-05-03 00:35:12', 'danyrojo', 8, 1, 10),
(84, '2018-05-03 00:37:03', 'danyrojo', 9, 1, 11),
(85, '2018-05-03 00:39:16', 'danyrojo', 17, 1, 10),
(86, '2018-05-03 00:42:51', 'danyrojo', 22, 1, 9),
(87, '2018-05-03 00:45:54', 'danyrojo', 23, 1, 15),
(88, '2018-05-03 00:51:02', 'danyrojo', 4, 1, 10),
(89, '2018-05-03 00:53:50', 'danyrojo', 6, 1, 10),
(90, '2018-05-03 00:56:41', 'danyrojo', 18, 1, 7),
(91, '2018-05-03 01:00:19', 'danyrojo', 3, 1, 9),
(92, '2018-05-03 01:02:10', 'danyrojo', 5, 1, 10),
(93, '2018-05-03 01:06:32', 'danyrojo', 1, 1, 9),
(94, '2018-05-03 01:13:39', 'danyrojo', 2, 1, 7),
(95, '2018-06-30 06:13:55', 'uli', 20, 1, 9),
(96, '2018-06-30 06:14:51', 'uli', 10, NULL, NULL),
(97, '2018-09-29 12:54:10', 'eqqhhiip@sina.com', 14, 1, 10),
(98, '2018-09-29 12:39:35', 'eqqhhiip@sina.com', 10, 1, 8),
(99, '2018-09-29 12:40:58', 'eqqhhiip@sina.com', 11, 1, 10),
(100, '2018-09-29 12:42:48', 'eqqhhiip@sina.com', 12, 1, 10),
(101, '2018-09-29 12:46:04', 'eqqhhiip@sina.com', 13, 1, 7),
(102, '2018-10-07 04:27:52', 'eqqhhiip@sina.com', 15, 1, 1),
(103, '2018-10-07 04:30:23', 'eqqhhiip@sina.com', 16, 1, 5),
(104, '2018-10-07 04:34:45', 'eqqhhiip@sina.com', 19, 1, 10),
(105, '2018-10-07 05:26:08', 'eqqhhiip@sina.com', 20, 1, 7),
(106, '2018-10-07 05:27:20', 'eqqhhiip@sina.com', 21, 1, 12),
(107, '2018-10-07 05:27:57', 'eqqhhiip@sina.com', 24, 1, 9),
(108, '2018-10-07 05:30:23', 'eqqhhiip@sina.com', 7, 1, 4),
(109, '2018-10-07 07:21:55', 'eqqhhiip@sina.com', 8, 1, 4),
(110, '2018-10-07 07:27:26', 'eqqhhiip@sina.com', 9, 1, 8),
(111, '2018-10-07 07:27:59', 'eqqhhiip@sina.com', 17, NULL, NULL),
(112, '2018-10-10 05:57:12', 'Claire', 10, 1, 9),
(113, '2018-10-10 05:58:01', 'Claire', 11, 1, 10),
(114, '2018-10-10 06:00:17', 'Claire', 12, 1, 10),
(115, '2018-10-10 06:01:19', 'Claire', 13, 1, 8),
(116, '2018-10-10 06:03:54', 'Claire', 14, 1, 7),
(117, '2018-10-10 06:05:56', 'Claire', 15, 1, 2),
(118, '2018-10-10 06:07:54', 'Claire', 16, 1, 5),
(119, '2018-11-10 02:19:13', 'Rageminis', 24, 1, 10),
(120, '2018-11-10 02:20:22', 'Rageminis', 10, 1, 10),
(121, '2018-11-10 02:21:27', 'Rageminis', 11, 1, 10),
(122, '2018-11-10 02:22:02', 'Rageminis', 12, 1, 10),
(123, '2018-11-10 02:22:49', 'Rageminis', 21, 1, 12),
(124, '2018-11-10 02:31:30', 'Rageminis', 13, 1, 8),
(125, '2018-11-10 02:39:07', 'Rageminis', 14, 1, 10),
(126, '2018-11-10 02:37:39', 'Rageminis', 16, 1, 10),
(127, '2018-11-10 02:42:38', 'Rageminis', 15, 1, 10),
(128, '2018-11-10 02:47:12', 'Rageminis', 19, 1, 10),
(129, '2018-11-10 02:51:44', 'Rageminis', 20, 1, 10),
(130, '2018-11-10 02:57:55', 'Rageminis', 7, 1, 6),
(131, '2018-11-10 03:00:53', 'Rageminis', 8, 1, 9),
(132, '2018-11-10 03:10:50', 'Rageminis', 9, 1, 11),
(133, '2018-11-10 03:14:08', 'Rageminis', 23, 1, 12),
(134, '2018-11-10 03:19:34', 'Rageminis', 22, 1, 4),
(135, '2018-11-10 03:26:04', 'Rageminis', 17, 1, 6),
(136, '2018-12-30 01:56:19', 'blahblah', 10, NULL, NULL),
(137, '2018-12-30 01:58:01', 'AA', 11, 1, 3),
(138, '2018-12-30 01:58:05', 'w', 10, 1, 3),
(139, '2018-12-30 01:58:17', 'w', 11, NULL, NULL),
(140, '2018-12-30 01:58:18', 'AA', 10, NULL, NULL),
(141, '2018-12-30 02:06:59', 'AA', 12, NULL, NULL),
(142, '2019-07-19 07:36:34', 'john', 12, 1, 10),
(143, '2019-07-19 07:39:19', 'john', 10, 1, 8),
(144, '2019-07-19 07:40:55', 'john', 11, 1, 9),
(145, '2019-07-19 07:41:25', 'john', 13, NULL, NULL),
(146, '2020-07-20 08:23:41', 'blahblah', 11, 1, 3),
(174, '2021-06-25 22:20:30', 'aaa', 19, 1, 5),
(167, '2021-06-24 21:29:59', 'aaa', 10, 1, 3),
(168, '2021-06-25 21:43:13', 'aaa', 12, 1, 2),
(169, '2021-06-25 23:32:33', 'aaa', 21, 1, 2),
(170, '2021-06-25 23:32:42', 'aaa', 11, 1, 2),
(171, '2021-06-26 16:47:27', 'aaa', 13, 1, 10),
(172, '2021-06-25 23:31:45', 'aaa', 14, 1, 4),
(173, '2021-06-25 23:31:13', 'aaa', 24, 1, 1),
(179, '2021-06-25 22:00:46', 'aaa', 1, 1, 3),
(178, '2021-06-25 21:54:40', 'aaa', 3, 1, 2),
(177, '2021-06-24 21:52:26', 'aaa', 5, 1, 2),
(176, '2021-06-25 22:17:19', 'aaa', 20, 1, 3),
(175, '2021-06-25 22:18:34', 'aaa', 26, 1, 4),
(180, '2021-06-25 22:00:40', 'aaa', 4, 1, 2),
(181, '2021-06-25 21:57:17', 'aaa', 2, 1, 2),
(182, '2021-06-25 21:56:42', 'aaa', 25, 1, 2),
(183, '2021-06-25 21:56:50', 'aaa', 18, 1, 4),
(184, '2021-06-25 23:31:50', 'aaa', 15, 1, 4),
(185, '2021-06-24 23:15:32', 'aaa', 0, NULL, NULL),
(186, '2021-06-25 23:31:30', 'aaa', 16, 1, 1),
(187, '2021-06-25 22:42:51', 'aaa', 7, 1, 0),
(188, '2021-06-25 21:56:59', 'aaa', 6, 1, 1),
(189, '2021-06-25 22:25:43', 'aaa', 17, 1, 4),
(190, '2021-06-25 22:25:38', 'aaa', 22, 1, 4),
(191, '2021-06-25 22:43:04', 'aaa', 23, 1, 6),
(192, '2021-06-25 23:20:03', 'aaa', 9, NULL, NULL),
(193, '2021-06-25 23:20:11', 'aaa', 8, NULL, NULL),
(194, '2021-06-26 20:15:01', 'iii', 3, NULL, NULL),
(195, '2021-06-26 20:15:05', 'iii', 5, NULL, NULL),
(196, '2021-06-26 20:35:09', 'hhh', 10, 1, 6),
(197, '2021-06-26 21:23:00', 'hhh', 11, 1, 1),
(198, '2021-06-26 20:54:52', 'hhh', 12, NULL, NULL),
(199, '2021-06-26 20:55:15', 'hhh', 14, NULL, NULL),
(200, '2021-06-26 21:23:26', 'hhh', 13, 1, 3),
(201, '2021-06-26 21:10:36', 'hhh', 15, NULL, NULL),
(202, '2021-06-26 21:13:44', 'hhh', 21, NULL, NULL),
(203, '2021-06-26 21:22:43', 'hhh', 20, NULL, NULL),
(204, '2021-06-27 15:38:34', '654', 28, 1, 10),
(205, '2021-06-27 17:04:55', '654', 10, NULL, NULL),
(206, '2021-06-27 17:18:40', '654', 11, 1, 6),
(207, '2021-06-27 17:16:38', '654', 12, NULL, NULL),
(208, '2021-06-27 17:18:19', '654', 13, NULL, NULL),
(209, '2021-06-27 18:18:31', '654', 15, NULL, NULL),
(219, '2021-07-01 09:59:22', 'e', 3, 1, 4),
(218, '2021-07-01 09:59:13', 'e', 5, NULL, NULL),
(217, '2021-07-01 04:14:05', 'e', 28, NULL, NULL),
(220, '2021-07-01 10:22:11', 'fff', 5, NULL, NULL),
(221, '2021-07-01 10:25:29', 'fff', 3, 1, 4),
(222, '2021-07-01 10:27:11', 'fff', 28, NULL, NULL),
(223, '2021-07-08 17:54:59', 'fff', 11, 1, 9),
(224, '2021-07-02 07:31:30', 'fff', 10, 1, 1),
(225, '2021-07-08 17:55:49', 'fff', 12, 1, 4),
(226, '2021-07-08 17:56:06', 'fff', 13, 1, 2),
(227, '2021-07-08 17:56:52', 'fff', 14, 1, 5),
(228, '2021-07-09 14:41:53', 'fff', 15, 1, 3),
(229, '2021-07-09 14:41:57', 'fff', 16, NULL, NULL),
(230, '2021-07-09 14:42:04', 'fff', 19, NULL, NULL),
(231, '2021-07-09 14:42:14', 'fff', 20, NULL, NULL),
(232, '2021-07-09 14:42:17', 'fff', 24, NULL, NULL);

-- --------------------------------------------------------

--
-- Table structure for table `users`
--

DROP TABLE IF EXISTS `users`;
CREATE TABLE IF NOT EXISTS `users` (
  `id` int(11) NOT NULL AUTO_INCREMENT,
  `username` varchar(128) COLLATE utf8mb4_unicode_ci NOT NULL,
  `password` varchar(128) COLLATE utf8mb4_unicode_ci NOT NULL,
  PRIMARY KEY (`id`),
  UNIQUE KEY `username` (`username`)
) ENGINE=MyISAM AUTO_INCREMENT=65 DEFAULT CHARSET=utf8mb4 COLLATE=utf8mb4_unicode_ci;

--
-- Dumping data for table `users`
--

INSERT INTO `users` (`id`, `username`, `password`) VALUES
(13, 'eqqhhiip', '$2y$10$RMt2N9BCNjB.4cdciS4QLOTU6z1sOW06sfo/MhQ4own8WdgOJgJqK'),
(12, 'uli', '$2y$10$o6qd38QOnL/YUPxqBOKxWuhyAPYEqcHj7LLi.9pxhPXtjzC3qVTVC'),
(11, 'danyrojo', '$2y$10$qvz3sDJHCooVH430.rdfAOAJuZQx5GA7P4hJfqLayPIGiUaSyDUXm'),
(10, 'Danilo', '$2y$10$yNrBoNUBtQbm5mgrfpQGgu8/.ooN34Ds42d1A4twm2j6/zp7PS/Qa'),
(5, 'blahblah', '$2y$10$AaiuFxhMo1n8gdHkiCTzzOG1XuMd.grF9LpxV7bXJMQd/huTmXeG6'),
(7, 'Jhes18', '$2y$10$4gCpkbd.1NlrgJj6jlpAneDifWIYGZ6ZYHzm2o1NdxcEmHfrAJZY.'),
(8, 'Aces', '$2y$10$8C5xEQWU30w6.49oFDoQA.1r5Ufmwn0WgEDXgBX.e2yNO/jOzvaFG'),
(9, 'animco', '$2y$10$m3oNu1OR/0OgfNKijHUbUuLleDbaiqg4OjaNtW7LqFKM3GSzYo9ZO'),
(14, 'eqqhhiip@sina.com', '$2y$10$cIEcKzCHakgIFqcVSCC7m.Y5BkGv8r1A2MpU.G.mQqthngxoSJUPm'),
(15, 'Claire', '$2y$10$djF21l78fE4C09N/lBtXEeUOzIPUYiBbr0Tmw4aXhaxQi9QsxuyX6'),
(16, 'Gajanajessa', '$2y$10$1jdrynPQ3Lrhxca9lEpXcutwnmRxqRUvl4zDeYafEwuVJE.CuaFjq'),
(17, 'Zofia', '$2y$10$65rM./124WiDW9MxP6X0wOBiq/IyES4sJfMC.5QEFtb2Cy3b4YL9G'),
(18, 'Rageminis', '$2y$10$IgCCBJUMD6BGQT3tCuqNxOvdCn5Szt2Ksh.7M/qqIGw2SAbjR0v62'),
(19, 'AA', '$2y$10$i6K9MDq3mlrs2GTFE/BFWOieimsCgmq2iO6eYKjmvm5Xye6wO6nMq'),
(20, 'w', '$2y$10$Nk04nSn0HECsCFglz.641.2m1q5GF13X3FMQMZqDnmh/FFmBGORoC'),
(21, 'john', '$2y$10$tBeBrGC.eszyn4zQdDGM3ueLNDXMYfBzsjquQGThVRDhrYbOABxOG'),
(22, 'Dom', '$2y$10$fwFMna4C.JJVIHNtoubNDuR81FD6PZWpKc0DD9jgpMcnUXKPtYBgi'),
(33, 'sss', '$2y$10$7f3DmZnLNOAzb7U2QXPxPOWwyCE0dggVNin0R4dxv0PkJH6WSS0VK'),
(32, 'rrr', '$2y$10$tER8vPzSIgq8bk0677dXZOH1b9HUUbb.75R50UGNOu8VuhHwponvq'),
(31, 'aaa', '$2y$10$bofZ8SfLgecmLMkmL5QslO3RT1G7GmMwcPvL9XUU6k8NUgqS4GLhC'),
(34, 'xxx', '$2y$10$/w4Jz5xoWzv4WQjDCNewFOAXSvs2ABx8JxwEVbKb0E03k.ws4e0Ru'),
(35, 'nnn', '$2y$10$QW.XH9rvdP9AhQVGctOp2.5l1qwjQ.vSIwLz46C2RIcgUuFQ4M2T6'),
(36, 'iii', '$2y$10$bC4Gv2NBa30miL5iE.WTxeZdt6ICrm/xyvi25pWbke8ShEEF0fIu.'),
(37, 'hhh', '$2y$10$8bRq.4/F//ItShkVK/gssO1p4b16miOH5yFuGVfvqJBw2fzBmwNgS'),
(38, 'eee', '$2y$10$ygTdU22Adw8CGsVoITyzB.W9LQPRYjgkkXndQJxK1Q7dlRXf94cZ2'),
(39, 'yyy', '$2y$10$o4v/E5GetjR2Ny8gnE1SV.8mcVtFw.KRn6JPBbvq8UBPLvlqjE6uW'),
(40, 'mmm', '$2y$10$3g7KtI82Ls1wVli79riXp.v85E6jam/toOou4y3ii1/yP4N073mFu'),
(41, 'jjj', '$2y$10$zgQlA.LAimOOOzJP2/eggu/nwW6HklY1/.KC.xtEFBBjnx.h4Dl5O'),
(42, '555', '$2y$10$mP6QUU7pVbdnc0DjU5mK8ujKowgZrFefdzQgvTXWsfEZPJb4lxP1O'),
(43, '333', '$2y$10$5z8qq6D3jWjeFGfEgg//guEUcYWXuKf9Dheftvwwy/vhIA6jA0Y/K'),
(44, 'u', '$2y$10$Nqtp5ImakFS8eLOYs.L7GeCB87k2L6Ft286.R8Dkji1UsDi2fBnN6'),
(45, 'l', '$2y$10$PQFOKLUlmkj6EyTiPE3Ize4vpbKyCbQ7gM7eCNS5y7QahSFitgoU2'),
(46, 'q', '$2y$10$SoNQM9fe2W5cOQlaww3ZU.Afifc50Zj8p5zJFksfbUrz2qMU/gEmC'),
(47, 'tt', '$2y$10$cZid7OVbm6/9yZ/eFNYLgOIED78hmrkQg.uCktD5aBprKdffNt9d6'),
(48, '321', '$2y$10$8yhPo40Tn9/a84.53Ctn9.iWTKo3GCeNO7Ud2wuGDdRhRVFciJtMu'),
(49, '654', '$2y$10$7UJ.ZbspdpnYtg8TEVkOhOJ7MSbnKkJVNZvzefBeP57YNnqYURH6K'),
(50, 'd', '$2y$10$ShjbUIbHqnthsphT3GpqN.7NDv/Vpu7mzRCXqYU8Iyf.Ne3X7i2rm'),
(51, 'f', '$2y$10$chONTr3K07CCKCppcTMaaeuxSSoAxNRAQraJMe3dA9XNEa8kq5HsS'),
(52, 'qqqq', '$2y$10$udPknzLGQu2.et24yTe54.QzpQS36xvxP/P/RqsA/laeTagETHdiC'),
(53, 'ccc', '$2y$10$o.CPsYu2XPoP7eLsMW8fhua5AvB6tyLJRaxG.kzFXfX6.v9iYgo5.'),
(54, 'ddd', '$2y$10$Q7cv6EGJY/BcPaSdWNvGdOuKvW/H7vEgg4zm2muvcUk3U5RsP1fhW'),
(55, 'v', '$2y$10$QCv7P0T1dl.Yy.GVGcokaOIwZm3g7h79a6kmskioOX.wGnjY9gJZy'),
(56, 'r', '$2y$10$LU.oeyD/HPeb/Q5bRV54BeKWaeVWLXDjX04hZ/USNVzwIZZSAc/pG'),
(57, 'ff', '$2y$10$.cS96cnS8KbNhWH04ase0OMKfVsXcisOz10t4QAGLIZQ8D2zieVfu'),
(58, 'iiii', '$2y$10$M0N.qsjQ7BeRvJS8.t/jleUIcItZDynWgGnx0gq57AfyzrWTfVGxS'),
(59, 'mm', '$2y$10$Mb79CKaRdpRhMfwk.zmz4.ZeVV.hCuMO.Jbs8k7VeJUyh.wGNGG9m'),
(60, 'hh', '$2y$10$D7mU82f.LvrHQk8dLZ9PyuPaHjmhi0Q67K0JMOjZ60G1qC16DIpSm'),
(61, 'fff', '$2y$10$qYw/tCFeqwePp9bGZvVU1ewx6sFij6oAKxvpZjdBd2fcgT/dxbkI.'),
(62, 'h', '$2y$10$bF8myEZYH2s3DcoN8yptZe3w9cAte9kDv7PjGqspblUyTVPmRUWR6'),
(63, 'yy', '$2y$10$wqEu.qx1RQtoH9wCz9sh4u2QLXbrnhijxzXYuaS1NKSIHaBLsqlGK'),
(64, 'e', '$2y$10$7j2L9BFnHW4nifIhb7mUveQIeUvoa4C0GXo8N2JOLc2cOjYcz9N.a');
COMMIT;

/*!40101 SET CHARACTER_SET_CLIENT=@OLD_CHARACTER_SET_CLIENT */;
/*!40101 SET CHARACTER_SET_RESULTS=@OLD_CHARACTER_SET_RESULTS */;
/*!40101 SET COLLATION_CONNECTION=@OLD_COLLATION_CONNECTION */;
